Date,Open,High,Low,Close,Adj Close,Volume
2019-10-07 00:00:00+05:30,1988.5,1996.800048828125,1963.050048828125,1969.300048828125,1884.6883544921875,2730663
2019-10-09 00:00:00+05:30,1974.8499755859375,2005.0,1964.3499755859375,2002.0,1915.9835205078125,5119327
2019-10-10 00:00:00+05:30,2000.0,2000.0,1971.0,1987.949951171875,1902.537109375,2627395
2019-10-11 00:00:00+05:30,1997.949951171875,2025.5,1980.25,2010.1500244140625,1923.783203125,2882644
2019-10-14 00:00:00+05:30,2017.0,2031.8499755859375,2000.0,2014.75,1928.1856689453125,2903479
2019-10-15 00:00:00+05:30,2019.0,2030.4000244140625,2009.199951171875,2013.300048828125,1926.7979736328125,2109065
2019-10-16 00:00:00+05:30,2020.0,2056.0,2015.0,2048.699951171875,1960.6768798828125,3766098
2019-10-17 00:00:00+05:30,2056.949951171875,2095.0,2050.10009765625,2089.75,1999.9632568359375,4562240
2019-10-18 00:00:00+05:30,2089.0,2102.0,2065.10009765625,2094.449951171875,2004.461181640625,2760381
2019-10-22 00:00:00+05:30,2115.0,2140.5,2096.0,2114.89990234375,2024.0325927734375,3460577
2019-10-23 00:00:00+05:30,2116.0,2148.0,2104.699951171875,2142.949951171875,2050.877685546875,2487332
2019-10-24 00:00:00+05:30,2150.0,2174.199951171875,2141.35009765625,2144.949951171875,2052.79150390625,4061508
2019-10-25 00:00:00+05:30,2149.0,2153.449951171875,2085.25,2101.550048828125,2011.2564697265625,3099190
2019-10-27 00:00:00+05:30,2114.949951171875,2120.0,2096.800048828125,2105.35009765625,2014.89306640625,280874
2019-10-29 00:00:00+05:30,2095.0,2123.550048828125,2079.050048828125,2113.050048828125,2022.2623291015625,2732339
2019-10-30 00:00:00+05:30,2134.949951171875,2134.949951171875,2102.60009765625,2107.449951171875,2016.9029541015625,2347585
2019-10-31 00:00:00+05:30,2115.0,2146.800048828125,2103.64990234375,2131.89990234375,2040.3021240234375,3273126
2019-11-01 00:00:00+05:30,2135.89990234375,2167.25,2120.10009765625,2128.60009765625,2037.144287109375,3431044
2019-11-04 00:00:00+05:30,2140.89990234375,2195.0,2121.10009765625,2181.300048828125,2087.579833984375,6580464
2019-11-05 00:00:00+05:30,2207.10009765625,2209.800048828125,2164.699951171875,2181.300048828125,2087.579833984375,5525743
2019-11-06 00:00:00+05:30,2188.0,2228.0,2162.0,2220.60009765625,2125.191162109375,4225289
2019-11-07 00:00:00+05:30,2247.39990234375,2264.800048828125,2236.199951171875,2251.0,2154.28515625,5582130
2019-11-08 00:00:00+05:30,2242.949951171875,2252.5,2211.0,2233.199951171875,2137.249755859375,3315622
2019-11-11 00:00:00+05:30,2228.0,2239.800048828125,2216.0,2234.550048828125,2138.5419921875,1834680
2019-11-13 00:00:00+05:30,2227.949951171875,2231.949951171875,2195.449951171875,2207.449951171875,2112.606201171875,2791867
2019-11-14 00:00:00+05:30,2207.89990234375,2232.85009765625,2190.199951171875,2226.800048828125,2131.125,1953996
2019-11-15 00:00:00+05:30,2220.10009765625,2238.75,2208.0,2224.050048828125,2128.492919921875,3346325
2019-11-18 00:00:00+05:30,2222.5,2240.85009765625,2210.0,2236.300048828125,2140.216552734375,2249585
2019-11-19 00:00:00+05:30,2235.60009765625,2238.75,2202.199951171875,2212.10009765625,2117.056396484375,2916866
2019-11-20 00:00:00+05:30,2215.0,2221.0,2193.75,2200.949951171875,2106.385498046875,1772677
2019-11-21 00:00:00+05:30,2202.0,2216.0,2186.199951171875,2210.35009765625,2115.381591796875,2679074
2019-11-22 00:00:00+05:30,2203.0,2240.0,2199.300048828125,2237.300048828125,2141.173828125,2186207
2019-11-25 00:00:00+05:30,2244.75,2297.0,2227.39990234375,2294.550048828125,2195.9638671875,4535037
2019-11-26 00:00:00+05:30,2300.0,2320.0,2280.949951171875,2304.64990234375,2205.629638671875,8808006
2019-11-27 00:00:00+05:30,2316.0,2352.0,2308.39990234375,2336.300048828125,2235.919921875,5748946
2019-11-28 00:00:00+05:30,2339.0,2346.0,2295.0,2309.75,2210.5107421875,3668406
2019-11-29 00:00:00+05:30,2309.75,2316.35009765625,2280.10009765625,2297.25,2198.5478515625,3027045
2019-12-02 00:00:00+05:30,2316.0,2316.0,2263.89990234375,2306.60009765625,2207.496337890625,4044191
2019-12-03 00:00:00+05:30,2310.949951171875,2325.0,2287.050048828125,2319.699951171875,2220.033203125,2402354
2019-12-04 00:00:00+05:30,2311.199951171875,2328.699951171875,2286.39990234375,2322.39990234375,2222.617431640625,3205622
2019-12-05 00:00:00+05:30,2309.199951171875,2333.550048828125,2300.0,2327.550048828125,2227.546142578125,2623207
2019-12-06 00:00:00+05:30,2326.5,2335.0,2246.449951171875,2264.64990234375,2167.348876953125,3440155
2019-12-09 00:00:00+05:30,2263.10009765625,2315.449951171875,2260.050048828125,2311.39990234375,2212.08984375,3361967
2019-12-10 00:00:00+05:30,2318.5,2332.89990234375,2288.14990234375,2295.14990234375,2196.5380859375,2693998
2019-12-11 00:00:00+05:30,2302.0,2328.25,2292.699951171875,2321.64990234375,2221.899658203125,2582138
2019-12-12 00:00:00+05:30,2320.800048828125,2327.0,2303.0,2318.449951171875,2218.837158203125,2503363
2019-12-13 00:00:00+05:30,2330.699951171875,2365.949951171875,2318.10009765625,2354.5,2253.33837890625,2557242
2019-12-16 00:00:00+05:30,2356.0,2384.0,2343.0,2375.25,2273.196533203125,3510250
2019-12-17 00:00:00+05:30,2365.0,2436.550048828125,2359.39990234375,2430.10009765625,2325.690185546875,7277994
2019-12-18 00:00:00+05:30,2427.0,2459.300048828125,2415.800048828125,2445.14990234375,2340.09326171875,5100244
2019-12-19 00:00:00+05:30,2432.10009765625,2438.5,2405.64990234375,2411.89990234375,2308.27197265625,4116736
2019-12-20 00:00:00+05:30,2415.0,2425.0,2378.14990234375,2404.10009765625,2300.807373046875,5053198
2019-12-23 00:00:00+05:30,2404.0,2433.800048828125,2390.0,2422.64990234375,2318.56005859375,1976677
2019-12-24 00:00:00+05:30,2420.60009765625,2444.949951171875,2402.949951171875,2412.75,2309.08544921875,2813782
2019-12-26 00:00:00+05:30,2412.75,2433.35009765625,2404.300048828125,2414.10009765625,2310.37744140625,1480323
2019-12-27 00:00:00+05:30,2427.0,2449.550048828125,2418.550048828125,2444.14990234375,2339.13623046875,2080901
2019-12-30 00:00:00+05:30,2449.0,2450.0,2421.5,2438.25,2333.48974609375,1920751
2019-12-31 00:00:00+05:30,2433.0,2435.0,2406.550048828125,2412.550048828125,2308.89404296875,2260375
2020-01-01 00:00:00+05:30,2418.0,2438.5,2409.0,2433.949951171875,2329.374267578125,945874
2020-01-02 00:00:00+05:30,2430.0,2472.75,2422.0,2466.39990234375,2360.43017578125,1701396
2020-01-03 00:00:00+05:30,2455.0,2466.39990234375,2441.800048828125,2454.449951171875,2348.99365234375,1963923
2020-01-06 00:00:00+05:30,2428.0,2445.0,2371.39990234375,2384.10009765625,2281.66650390625,2656731
2020-01-07 00:00:00+05:30,2401.25,2428.800048828125,2380.199951171875,2415.050048828125,2311.286865234375,3771992
2020-01-08 00:00:00+05:30,2387.0,2413.0,2385.5,2406.14990234375,2302.768798828125,2147334
2020-01-09 00:00:00+05:30,2430.0,2462.699951171875,2421.14990234375,2457.39990234375,2351.81689453125,3247323
2020-01-10 00:00:00+05:30,2465.0,2477.64990234375,2440.300048828125,2457.550048828125,2351.960693359375,2082060
2020-01-13 00:00:00+05:30,2461.10009765625,2471.050048828125,2441.0,2462.550048828125,2356.74609375,3401754
2020-01-14 00:00:00+05:30,2463.64990234375,2499.89990234375,2446.60009765625,2492.300048828125,2385.2177734375,2549328
2020-01-15 00:00:00+05:30,2483.949951171875,2495.0,2453.550048828125,2488.60009765625,2381.6767578125,2279961
2020-01-16 00:00:00+05:30,2486.0,2495.75,2471.800048828125,2482.10009765625,2375.455810546875,1794295
2020-01-17 00:00:00+05:30,2467.75,2479.0,2448.25,2453.949951171875,2348.515380859375,2250437
2020-01-20 00:00:00+05:30,2474.0,2486.550048828125,2440.39990234375,2454.35009765625,2348.898193359375,2274456
2020-01-21 00:00:00+05:30,2443.0,2485.89990234375,2432.0,2465.449951171875,2359.521240234375,2404025
2020-01-22 00:00:00+05:30,2474.0,2483.35009765625,2412.199951171875,2416.60009765625,2312.77001953125,3356004
2020-01-23 00:00:00+05:30,2422.0,2436.39990234375,2404.35009765625,2428.39990234375,2324.06298828125,1812646
2020-01-24 00:00:00+05:30,2423.0,2458.60009765625,2411.39990234375,2450.75,2345.452880859375,2178412
2020-01-27 00:00:00+05:30,2433.0,2445.0,2388.5,2395.800048828125,2292.86376953125,2543177
2020-01-28 00:00:00+05:30,2413.0,2471.699951171875,2410.0,2431.60009765625,2327.12548828125,6698252
2020-01-29 00:00:00+05:30,2446.0,2447.5,2400.0,2404.25,2300.950439453125,2692713
2020-01-30 00:00:00+05:30,2413.0,2428.699951171875,2386.89990234375,2415.0,2311.23876953125,2807667
2020-01-31 00:00:00+05:30,2417.0,2434.75,2404.5,2414.0,2310.28173828125,2828509
2020-02-03 00:00:00+05:30,2250.0,2298.050048828125,2228.199951171875,2259.75,2162.6591796875,5220749
2020-02-04 00:00:00+05:30,2265.60009765625,2351.0,2265.60009765625,2345.949951171875,2245.155517578125,3288687
2020-02-05 00:00:00+05:30,2345.550048828125,2395.5,2326.199951171875,2391.64990234375,2288.891845703125,3244383
2020-02-06 00:00:00+05:30,2390.0,2447.800048828125,2369.64990234375,2436.449951171875,2331.767333984375,3536393
2020-02-07 00:00:00+05:30,2428.10009765625,2452.300048828125,2398.35009765625,2405.64990234375,2302.290283203125,2193190
2020-02-10 00:00:00+05:30,2405.0,2425.300048828125,2391.050048828125,2414.300048828125,2310.569091796875,2056525
2020-02-11 00:00:00+05:30,2424.449951171875,2441.75,2420.199951171875,2435.14990234375,2330.52294921875,1732762
2020-02-12 00:00:00+05:30,2449.5,2487.0,2427.89990234375,2437.60009765625,2332.867919921875,4173099
2020-02-13 00:00:00+05:30,2426.0,2444.14990234375,2399.0,2403.64990234375,2300.376220703125,2280271
2020-02-14 00:00:00+05:30,2402.0,2425.85009765625,2389.39990234375,2401.75,2298.558349609375,2611510
2020-02-17 00:00:00+05:30,2401.75,2406.64990234375,2345.14990234375,2350.25,2249.270751953125,2398556
2020-02-18 00:00:00+05:30,2349.0,2349.0,2304.0,2318.800048828125,2219.172119140625,2345063
2020-02-19 00:00:00+05:30,2343.0,2385.0,2330.050048828125,2377.25,2275.11083984375,2088724
2020-02-20 00:00:00+05:30,2364.0,2377.5,2349.050048828125,2369.5,2267.69384765625,3351611
2020-02-24 00:00:00+05:30,2355.0,2365.199951171875,2280.10009765625,2292.300048828125,2193.810546875,4238039
2020-02-25 00:00:00+05:30,2309.0,2320.75,2285.0,2302.60009765625,2203.66845703125,3292922
2020-02-26 00:00:00+05:30,2278.0,2309.5,2253.550048828125,2281.449951171875,2183.426513671875,6163133
2020-02-27 00:00:00+05:30,2279.800048828125,2289.60009765625,2244.550048828125,2272.199951171875,2174.57421875,3261885
2020-02-28 00:00:00+05:30,2228.550048828125,2228.550048828125,2162.300048828125,2175.75,2082.268310546875,7715143
2020-03-02 00:00:00+05:30,2215.0,2248.35009765625,2153.800048828125,2179.64990234375,2086.000732421875,3957634
2020-03-03 00:00:00+05:30,2201.699951171875,2226.89990234375,2173.300048828125,2191.39990234375,2097.245849609375,4229070
2020-03-04 00:00:00+05:30,2207.0,2216.60009765625,2180.199951171875,2206.050048828125,2111.26611328125,4460096
2020-03-05 00:00:00+05:30,2206.0,2232.199951171875,2183.0,2195.050048828125,2100.739013671875,3916762
2020-03-06 00:00:00+05:30,2145.0,2145.0,2092.800048828125,2109.449951171875,2018.8167724609375,5414446
2020-03-09 00:00:00+05:30,2067.300048828125,2067.300048828125,1981.199951171875,2027.9000244140625,1940.7706298828125,5051224
2020-03-11 00:00:00+05:30,1970.0,2073.85009765625,1970.0,2036.25,1948.7618408203125,6997019
2020-03-12 00:00:00+05:30,1990.0,1990.0,1861.0999755859375,1875.699951171875,1795.1099853515625,8837482
2020-03-13 00:00:00+05:30,1780.050048828125,2123.699951171875,1688.1500244140625,2066.800048828125,1977.999267578125,14173598
2020-03-16 00:00:00+05:30,1964.0,1979.5,1825.0,1841.75,1762.61865234375,10672789
2020-03-17 00:00:00+05:30,1858.050048828125,1869.9000244140625,1740.0,1755.800048828125,1680.361572265625,6682573
2020-03-18 00:00:00+05:30,1771.0,1784.699951171875,1602.4000244140625,1622.550048828125,1552.836669921875,9070005
2020-03-19 00:00:00+05:30,1502.0999755859375,1703.949951171875,1490.0999755859375,1617.5999755859375,1548.0992431640625,11253577
2020-03-20 00:00:00+05:30,1624.0,1776.9000244140625,1535.199951171875,1753.949951171875,1678.5909423828125,11377216
2020-03-23 00:00:00+05:30,1578.5999755859375,1673.25,1500.0,1520.699951171875,1455.3626708984375,9474508
2020-03-24 00:00:00+05:30,1554.0,1649.699951171875,1473.449951171875,1505.0999755859375,1440.432861328125,8899305
2020-03-25 00:00:00+05:30,1476.0,1655.5999755859375,1476.0,1646.050048828125,1575.3270263671875,10417406
2020-03-26 00:00:00+05:30,1689.5,1843.449951171875,1671.199951171875,1733.25,1658.7802734375,12104338
2020-03-27 00:00:00+05:30,1785.199951171875,1849.6500244140625,1710.050048828125,1754.0,1678.6387939453125,9048364
2020-03-30 00:00:00+05:30,1667.300048828125,1699.0,1548.0,1558.75,1491.7779541015625,8670676
2020-03-31 00:00:00+05:30,1625.0,1666.550048828125,1582.0,1633.0999755859375,1562.933349609375,10444725
2020-04-01 00:00:00+05:30,1645.5,1693.5999755859375,1575.9000244140625,1583.5,1515.4644775390625,6752007
2020-04-03 00:00:00+05:30,1575.5,1578.800048828125,1482.25,1499.550048828125,1435.1214599609375,10149368
2020-04-07 00:00:00+05:30,1574.699951171875,1577.5,1517.5999755859375,1555.1500244140625,1488.3323974609375,12307166
2020-04-08 00:00:00+05:30,1543.4000244140625,1692.0,1535.0,1558.800048828125,1491.82568359375,8974317
2020-04-09 00:00:00+05:30,1587.699951171875,1714.6500244140625,1587.5,1703.0999755859375,1629.9256591796875,8571846
2020-04-13 00:00:00+05:30,1725.0,1763.75,1646.550048828125,1655.199951171875,1584.083740234375,7287724
2020-04-15 00:00:00+05:30,1708.5,1710.0,1584.9000244140625,1596.300048828125,1527.714599609375,8512086
2020-04-16 00:00:00+05:30,1590.0,1663.699951171875,1575.0,1625.75,1555.899169921875,7892724
2020-04-17 00:00:00+05:30,1690.0,1738.0,1652.4000244140625,1680.5999755859375,1608.3924560546875,8954461
2020-04-20 00:00:00+05:30,1709.800048828125,1738.0,1673.4000244140625,1727.699951171875,1653.4688720703125,7372103
2020-04-21 00:00:00+05:30,1670.0,1694.800048828125,1651.0999755859375,1669.699951171875,1597.9608154296875,6604432
2020-04-22 00:00:00+05:30,1669.699951171875,1679.0,1626.1500244140625,1664.1500244140625,1592.6492919921875,5301750
2020-04-23 00:00:00+05:30,1674.9000244140625,1687.0,1651.5999755859375,1663.449951171875,1591.9793701171875,4419109
2020-04-24 00:00:00+05:30,1603.0,1624.949951171875,1569.0999755859375,1580.300048828125,1512.4019775390625,7166405
2020-04-27 00:00:00+05:30,1618.0999755859375,1652.1500244140625,1585.3499755859375,1591.449951171875,1523.0728759765625,5719079
2020-04-28 00:00:00+05:30,1615.800048828125,1725.0,1612.6500244140625,1715.800048828125,1642.080322265625,7691578
2020-04-29 00:00:00+05:30,1734.0,1845.0,1726.0,1836.75,1757.83349609375,11881498
2020-04-30 00:00:00+05:30,1857.0,1927.0,1855.5,1916.0,1833.678466796875,8236759
2020-05-04 00:00:00+05:30,1856.0,1856.0,1708.300048828125,1724.3499755859375,1650.2628173828125,6039982
2020-05-05 00:00:00+05:30,1745.0,1769.5,1678.0,1689.9000244140625,1617.29296875,7807170
2020-05-06 00:00:00+05:30,1709.0,1777.550048828125,1680.0,1732.1500244140625,1657.7276611328125,8781387
2020-05-07 00:00:00+05:30,1730.0,1745.949951171875,1697.6500244140625,1703.9000244140625,1630.6912841796875,3349383
2020-05-08 00:00:00+05:30,1737.0,1742.0,1685.0,1689.699951171875,1617.1016845703125,4420826
2020-05-11 00:00:00+05:30,1712.5,1722.0,1652.0999755859375,1658.449951171875,1587.194091796875,4677440
2020-05-12 00:00:00+05:30,1630.0,1682.800048828125,1587.0999755859375,1674.0999755859375,1602.1717529296875,7018913
2020-05-13 00:00:00+05:30,1747.0,1749.5,1698.0,1712.75,1639.1612548828125,5734243
2020-05-14 00:00:00+05:30,1685.0,1693.0,1628.0999755859375,1632.4000244140625,1562.263427734375,5424645
2020-05-15 00:00:00+05:30,1649.0,1657.75,1609.0,1633.800048828125,1563.603271484375,5609955
2020-05-18 00:00:00+05:30,1633.5,1637.6500244140625,1506.4000244140625,1512.050048828125,1447.0843505859375,8460057
2020-05-19 00:00:00+05:30,1570.0,1591.75,1512.0,1539.8499755859375,1473.68994140625,9261075
2020-05-20 00:00:00+05:30,1550.0,1640.0,1545.0,1627.0,1557.0955810546875,6847040
2020-05-21 00:00:00+05:30,1632.9000244140625,1651.800048828125,1590.0,1597.300048828125,1528.6715087890625,7056039
2020-05-22 00:00:00+05:30,1582.0,1596.699951171875,1501.5,1516.1500244140625,1451.0081787109375,12034379
2020-05-26 00:00:00+05:30,1516.0,1568.1500244140625,1486.0,1502.1500244140625,1437.609619140625,12752483
2020-05-27 00:00:00+05:30,1513.0,1578.0,1490.0,1570.4000244140625,1502.9273681640625,12428419
2020-05-28 00:00:00+05:30,1580.0,1643.800048828125,1577.0,1623.699951171875,1553.937255859375,10261919
2020-05-29 00:00:00+05:30,1615.9000244140625,1676.3499755859375,1590.9000244140625,1658.9000244140625,1587.625,13809094
2020-06-01 00:00:00+05:30,1706.5999755859375,1764.8499755859375,1701.300048828125,1737.699951171875,1663.0390625,8056618
2020-06-02 00:00:00+05:30,1737.699951171875,1822.3499755859375,1732.1500244140625,1813.550048828125,1735.63037109375,8319032
2020-06-03 00:00:00+05:30,1835.199951171875,1859.449951171875,1823.0999755859375,1835.6500244140625,1756.7808837890625,9490512
2020-06-04 00:00:00+05:30,1815.0,1828.4000244140625,1759.0,1764.300048828125,1688.496337890625,7617442
2020-06-05 00:00:00+05:30,1775.0,1788.949951171875,1740.5999755859375,1766.5999755859375,1690.6973876953125,6691733
2020-06-08 00:00:00+05:30,1801.0,1818.9000244140625,1748.3499755859375,1760.800048828125,1685.1466064453125,6209412
2020-06-09 00:00:00+05:30,1763.199951171875,1826.75,1746.0,1772.0999755859375,1695.961181640625,9065349
2020-06-10 00:00:00+05:30,1784.0,1820.0,1782.0,1809.300048828125,1731.56298828125,4631195
2020-06-11 00:00:00+05:30,1805.0,1826.0,1781.3499755859375,1787.449951171875,1710.651611328125,5383837
2020-06-12 00:00:00+05:30,1710.0,1809.0,1710.0,1792.199951171875,1715.197509765625,5936556
2020-06-15 00:00:00+05:30,1786.949951171875,1805.25,1726.0,1751.6500244140625,1676.389892578125,5082362
2020-06-16 00:00:00+05:30,1785.0,1834.0,1768.050048828125,1821.9000244140625,1743.6214599609375,7453389
2020-06-17 00:00:00+05:30,1819.0,1847.1500244140625,1786.0,1794.6500244140625,1717.5423583984375,6816669
2020-06-18 00:00:00+05:30,1790.0,1869.0,1787.300048828125,1855.949951171875,1776.2086181640625,5334225
2020-06-19 00:00:00+05:30,1854.0,1867.5,1814.0,1835.0999755859375,1756.2542724609375,12198857
2020-06-22 00:00:00+05:30,1850.800048828125,1874.199951171875,1813.0999755859375,1819.4000244140625,1741.22900390625,4782897
2020-06-23 00:00:00+05:30,1820.0,1845.0,1803.050048828125,1838.0999755859375,1759.1253662109375,5043362
2020-06-24 00:00:00+05:30,1825.0,1869.0,1788.5999755859375,1797.75,1720.509033203125,7029206
2020-06-25 00:00:00+05:30,1782.199951171875,1811.0,1761.9000244140625,1777.800048828125,1701.4161376953125,5939558
2020-06-26 00:00:00+05:30,1793.8499755859375,1799.9000244140625,1752.4000244140625,1769.3499755859375,1693.329345703125,5731445
2020-06-29 00:00:00+05:30,1755.0,1775.0,1726.25,1741.1500244140625,1666.3409423828125,3948941
2020-06-30 00:00:00+05:30,1751.1500244140625,1792.699951171875,1747.199951171875,1754.6500244140625,1679.260986328125,6325231
2020-07-01 00:00:00+05:30,1764.0,1844.800048828125,1760.4000244140625,1835.1500244140625,1756.30224609375,6991581
2020-07-02 00:00:00+05:30,1852.949951171875,1899.0,1842.5999755859375,1889.449951171875,1808.2691650390625,6480497
2020-07-03 00:00:00+05:30,1905.550048828125,1908.0,1867.300048828125,1885.199951171875,1804.2017822265625,4430242
2020-07-06 00:00:00+05:30,1903.25,1909.25,1864.550048828125,1868.699951171875,1788.41064453125,5073615
2020-07-07 00:00:00+05:30,1880.0,1892.3499755859375,1857.0,1886.75,1805.6851806640625,4157207
2020-07-08 00:00:00+05:30,1895.0,1907.0,1871.0,1886.050048828125,1805.015380859375,2885741
2020-07-09 00:00:00+05:30,1871.300048828125,1947.9000244140625,1865.0,1941.8499755859375,1879.3431396484375,6703275
2020-07-10 00:00:00+05:30,1915.0,1931.9000244140625,1876.25,1886.0,1845.2462158203125,3853077
2020-07-13 00:00:00+05:30,1905.0,1907.199951171875,1840.0,1845.550048828125,1805.67041015625,3403602
2020-07-14 00:00:00+05:30,1825.0,1825.300048828125,1770.5,1791.5999755859375,1752.8861083984375,5529618
2020-07-15 00:00:00+05:30,1809.0,1821.9000244140625,1782.0,1789.9000244140625,1751.2227783203125,3994968
2020-07-16 00:00:00+05:30,1792.0,1794.699951171875,1750.0,1787.800048828125,1749.168212890625,4230092
2020-07-17 00:00:00+05:30,1800.0,1821.949951171875,1784.050048828125,1805.8499755859375,1766.828125,4240987
2020-07-20 00:00:00+05:30,1844.0,1844.0,1801.0,1806.050048828125,1767.0238037109375,3915625
2020-07-21 00:00:00+05:30,1816.5,1900.949951171875,1815.0,1883.6500244140625,1842.947021484375,6883945
2020-07-22 00:00:00+05:30,1895.5,1898.949951171875,1851.5,1881.050048828125,1840.4031982421875,5538884
2020-07-23 00:00:00+05:30,1881.050048828125,1910.0,1871.5999755859375,1875.800048828125,1835.2666015625,3647232
2020-07-24 00:00:00+05:30,1854.0,1857.800048828125,1817.0,1841.300048828125,1801.51220703125,3309135
2020-07-27 00:00:00+05:30,1841.300048828125,1861.949951171875,1824.0,1850.75,1810.7579345703125,3724634
2020-07-28 00:00:00+05:30,1859.3499755859375,1907.0,1844.5,1897.3499755859375,1856.3509521484375,4346191
2020-07-29 00:00:00+05:30,1885.0,1918.5,1867.199951171875,1877.300048828125,1836.734375,7413828
2020-07-30 00:00:00+05:30,1880.0,1900.699951171875,1804.0,1810.6500244140625,1771.5244140625,7472920
2020-07-31 00:00:00+05:30,1805.0,1811.199951171875,1759.0,1781.949951171875,1743.4444580078125,7745798
2020-08-03 00:00:00+05:30,1781.0,1781.949951171875,1730.0999755859375,1739.800048828125,1702.2054443359375,4648922
2020-08-04 00:00:00+05:30,1749.0,1794.449951171875,1743.4000244140625,1781.0999755859375,1742.6129150390625,4722573
2020-08-05 00:00:00+05:30,1784.4000244140625,1811.5,1766.25,1776.699951171875,1738.30810546875,5576452
2020-08-06 00:00:00+05:30,1798.25,1805.699951171875,1762.050048828125,1783.75,1745.2056884765625,6004606
2020-08-07 00:00:00+05:30,1774.949951171875,1781.800048828125,1763.0,1777.699951171875,1739.286376953125,5129443
2020-08-10 00:00:00+05:30,1794.0,1811.0,1789.300048828125,1798.949951171875,1760.0772705078125,3030905
2020-08-11 00:00:00+05:30,1813.0,1846.75,1810.5,1826.75,1787.2764892578125,4944312
2020-08-12 00:00:00+05:30,1825.75,1837.699951171875,1802.0,1814.199951171875,1774.9976806640625,3606317
2020-08-13 00:00:00+05:30,1818.5,1823.6500244140625,1799.550048828125,1804.8499755859375,1765.8497314453125,3769538
2020-08-14 00:00:00+05:30,1818.5999755859375,1823.75,1773.25,1791.699951171875,1752.98388671875,6136756
2020-08-17 00:00:00+05:30,1805.0,1807.8499755859375,1783.8499755859375,1800.550048828125,1761.6427001953125,4076960
2020-08-18 00:00:00+05:30,1801.0999755859375,1825.4000244140625,1795.949951171875,1820.699951171875,1781.3572998046875,3413536
2020-08-19 00:00:00+05:30,1835.0,1835.9000244140625,1818.050048828125,1827.949951171875,1788.4505615234375,2934730
2020-08-20 00:00:00+05:30,1803.0,1807.949951171875,1782.25,1785.1500244140625,1746.575439453125,2702784
2020-08-21 00:00:00+05:30,1800.0,1824.699951171875,1787.1500244140625,1804.050048828125,1765.067138671875,3466180
2020-08-24 00:00:00+05:30,1814.949951171875,1849.0,1811.0,1829.8499755859375,1790.3095703125,3816020
2020-08-25 00:00:00+05:30,1843.75,1852.4000244140625,1817.050048828125,1829.5999755859375,1790.06494140625,2646061
2020-08-26 00:00:00+05:30,1837.0,1837.800048828125,1803.5999755859375,1816.0,1776.7589111328125,3187324
2020-08-27 00:00:00+05:30,1832.0,1883.0,1830.0,1864.0999755859375,1823.8194580078125,8648370
2020-08-28 00:00:00+05:30,1871.0,1889.0,1862.800048828125,1883.25,1842.5556640625,4903729
2020-08-31 00:00:00+05:30,1898.5,1921.9000244140625,1797.550048828125,1832.5999755859375,1793.0001220703125,7603738
2020-09-01 00:00:00+05:30,1858.0,1884.0,1831.8499755859375,1851.199951171875,1811.1981201171875,3793458
2020-09-02 00:00:00+05:30,1849.8499755859375,1849.949951171875,1810.0,1827.199951171875,1787.716796875,4235148
2020-09-03 00:00:00+05:30,1831.0,1842.800048828125,1803.449951171875,1808.75,1769.6654052734375,3350615
2020-09-04 00:00:00+05:30,1783.5999755859375,1789.0,1761.800048828125,1769.699951171875,1731.459228515625,4214142
2020-09-07 00:00:00+05:30,1773.0,1801.449951171875,1760.0,1791.0999755859375,1752.3968505859375,4073464
2020-09-08 00:00:00+05:30,1785.0999755859375,1793.25,1770.800048828125,1777.300048828125,1738.8951416015625,2456311
2020-09-09 00:00:00+05:30,1759.550048828125,1777.9000244140625,1755.0,1760.75,1722.70263671875,2509619
2020-09-10 00:00:00+05:30,1781.0,1792.949951171875,1760.0,1777.449951171875,1739.0418701171875,3245613
2020-09-11 00:00:00+05:30,1771.0,1786.0,1760.0,1768.1500244140625,1729.9427490234375,2231622
2020-09-14 00:00:00+05:30,1781.0,1796.8499755859375,1728.4000244140625,1738.0,1700.4442138671875,4061413
2020-09-15 00:00:00+05:30,1754.9000244140625,1777.0,1742.800048828125,1758.75,1720.7459716796875,3159532
2020-09-16 00:00:00+05:30,1766.0,1774.699951171875,1743.449951171875,1768.1500244140625,1729.9427490234375,2592536
2020-09-17 00:00:00+05:30,1750.0,1773.199951171875,1736.5,1744.3499755859375,1706.6571044921875,3191905
2020-09-18 00:00:00+05:30,1752.9000244140625,1754.75,1708.300048828125,1724.0,1686.746826171875,5642456
2020-09-21 00:00:00+05:30,1722.800048828125,1738.75,1701.8499755859375,1708.1500244140625,1671.2392578125,3174469
2020-09-22 00:00:00+05:30,1716.25,1716.25,1672.0,1674.8499755859375,1638.6588134765625,3615719
2020-09-23 00:00:00+05:30,1694.0,1696.6500244140625,1650.4000244140625,1667.0999755859375,1631.0762939453125,4803625
2020-09-24 00:00:00+05:30,1646.800048828125,1654.1500244140625,1623.0,1636.8499755859375,1601.47998046875,5673604
2020-09-25 00:00:00+05:30,1651.949951171875,1657.800048828125,1628.0999755859375,1652.0,1616.3026123046875,4046747
2020-09-28 00:00:00+05:30,1672.9000244140625,1692.5999755859375,1658.0,1681.449951171875,1645.1162109375,2739071
2020-09-29 00:00:00+05:30,1692.0,1720.0,1682.0999755859375,1713.0999755859375,1676.082275390625,3696138
2020-09-30 00:00:00+05:30,1716.9000244140625,1744.25,1703.199951171875,1740.050048828125,1702.449951171875,3594712
2020-10-01 00:00:00+05:30,1755.0,1799.8499755859375,1750.0,1790.6500244140625,1751.95654296875,3706006
2020-10-05 00:00:00+05:30,1784.0,1816.5,1775.699951171875,1785.0999755859375,1746.5264892578125,4056793
2020-10-06 00:00:00+05:30,1803.1500244140625,1943.699951171875,1803.1500244140625,1934.4000244140625,1892.6004638671875,16829289
2020-10-07 00:00:00+05:30,1945.0,1964.8499755859375,1908.8499755859375,1948.75,1906.6402587890625,7037932
2020-10-08 00:00:00+05:30,1952.5,1988.449951171875,1938.5,1949.25,1907.1295166015625,4589488
2020-10-09 00:00:00+05:30,1945.0,2029.8499755859375,1938.0,1957.6500244140625,1915.3480224609375,10848210
2020-10-12 00:00:00+05:30,1965.0,1998.949951171875,1942.300048828125,1965.4000244140625,1922.9305419921875,3651557
2020-10-13 00:00:00+05:30,1962.0,1986.6500244140625,1930.550048828125,1943.4000244140625,1901.4058837890625,3351025
2020-10-14 00:00:00+05:30,1935.0,1989.0,1919.050048828125,1979.8499755859375,1937.0682373046875,3108197
2020-10-15 00:00:00+05:30,1983.0,2020.0,1938.25,1947.199951171875,1905.123779296875,5170263
2020-10-16 00:00:00+05:30,1948.4000244140625,1983.699951171875,1939.3499755859375,1961.699951171875,1919.310302734375,3238517
2020-10-19 00:00:00+05:30,1985.0,2039.9000244140625,1983.0999755859375,2031.5,1987.6021728515625,6591483
2020-10-20 00:00:00+05:30,2025.0,2041.699951171875,2004.050048828125,2015.300048828125,1971.7523193359375,4732960
2020-10-21 00:00:00+05:30,2030.0,2067.449951171875,2005.3499755859375,2048.75,2004.4793701171875,8166426
2020-10-22 00:00:00+05:30,2038.300048828125,2063.0,2023.1500244140625,2042.550048828125,1998.4134521484375,5030743
2020-10-23 00:00:00+05:30,2056.0,2067.89990234375,2046.0,2059.699951171875,2015.1927490234375,3573621
2020-10-26 00:00:00+05:30,2058.0,2083.949951171875,2052.75,2073.35009765625,2028.5479736328125,4927505
2020-10-27 00:00:00+05:30,2056.0,2064.800048828125,2027.0,2041.3499755859375,1997.2392578125,4468448
2020-10-28 00:00:00+05:30,2045.0,2045.0,1965.0,1968.9000244140625,1926.3548583984375,4636733
2020-10-29 00:00:00+05:30,1941.25,1970.0,1927.300048828125,1934.300048828125,1892.5025634765625,3463650
2020-10-30 00:00:00+05:30,1930.0,1947.0,1906.8499755859375,1923.550048828125,1881.98486328125,4321777
2020-11-02 00:00:00+05:30,1916.0,2065.0,1916.0,2040.800048828125,1996.701171875,7635981
2020-11-03 00:00:00+05:30,2030.0,2139.64990234375,2030.0,2130.949951171875,2084.9033203125,8905106
2020-11-04 00:00:00+05:30,2111.10009765625,2134.949951171875,2056.39990234375,2088.199951171875,2043.0770263671875,5214238
2020-11-05 00:00:00+05:30,2106.0,2120.0,2084.300048828125,2100.699951171875,2055.306884765625,4117187
2020-11-06 00:00:00+05:30,2110.0,2145.0,2102.449951171875,2138.449951171875,2092.240966796875,4607710
2020-11-09 00:00:00+05:30,2150.0,2169.949951171875,2138.199951171875,2152.10009765625,2105.596435546875,3529739
2020-11-10 00:00:00+05:30,2185.0,2288.800048828125,2175.550048828125,2272.10009765625,2223.003173828125,8512622
2020-11-11 00:00:00+05:30,2279.0,2337.0,2273.0,2324.300048828125,2274.0751953125,7235313
2020-11-12 00:00:00+05:30,2297.25,2343.800048828125,2267.449951171875,2332.10009765625,2281.70654296875,6398213
2020-11-13 00:00:00+05:30,2320.0,2323.300048828125,2284.0,2306.75,2256.904296875,3999928
2020-11-14 00:00:00+05:30,2320.0,2329.35009765625,2304.0,2311.25,2261.307373046875,374286
2020-11-17 00:00:00+05:30,2339.89990234375,2364.75,2307.39990234375,2349.0,2298.241455078125,7393052
2020-11-18 00:00:00+05:30,2336.699951171875,2369.39990234375,2320.300048828125,2364.89990234375,2313.7978515625,4344487
2020-11-19 00:00:00+05:30,2336.0,2351.89990234375,2311.0,2324.60009765625,2274.368896484375,6936896
2020-11-20 00:00:00+05:30,2330.0,2386.550048828125,2326.550048828125,2334.800048828125,2284.348388671875,5321688
2020-11-23 00:00:00+05:30,2344.199951171875,2347.85009765625,2230.10009765625,2250.800048828125,2202.163330078125,6995598
2020-11-24 00:00:00+05:30,2272.25,2272.25,2209.550048828125,2217.699951171875,2169.77880859375,4945274
2020-11-25 00:00:00+05:30,2228.0,2252.14990234375,2179.300048828125,2191.35009765625,2143.998046875,6150483
2020-11-26 00:00:00+05:30,2197.14990234375,2245.0,2187.64990234375,2238.39990234375,2190.03125,5026304
2020-11-27 00:00:00+05:30,2240.0,2272.449951171875,2202.199951171875,2256.25,2207.495849609375,10179511
2020-12-01 00:00:00+05:30,2237.0,2324.0,2217.64990234375,2306.949951171875,2257.10009765625,7031670
2020-12-02 00:00:00+05:30,2300.0,2304.0,2252.5,2276.35009765625,2227.161376953125,3191550
2020-12-03 00:00:00+05:30,2287.0,2289.449951171875,2235.0,2253.949951171875,2205.245361328125,4528707
2020-12-04 00:00:00+05:30,2253.949951171875,2284.89990234375,2231.60009765625,2245.89990234375,2197.369140625,3245440
2020-12-07 00:00:00+05:30,2240.0,2309.699951171875,2221.199951171875,2303.800048828125,2254.01806640625,4910736
2020-12-08 00:00:00+05:30,2315.0,2340.0,2292.050048828125,2309.75,2259.839599609375,5262959
2020-12-09 00:00:00+05:30,2318.0,2334.64990234375,2280.60009765625,2306.699951171875,2256.85546875,3302661
2020-12-10 00:00:00+05:30,2300.0,2303.0,2267.0,2289.10009765625,2239.6357421875,2545081
2020-12-11 00:00:00+05:30,2307.0,2317.699951171875,2272.0,2295.89990234375,2246.28857421875,4577813
2020-12-14 00:00:00+05:30,2306.699951171875,2315.64990234375,2270.550048828125,2302.64990234375,2252.892822265625,3160235
2020-12-15 00:00:00+05:30,2290.5,2357.39990234375,2282.699951171875,2350.35009765625,2299.5625,5056502
2020-12-16 00:00:00+05:30,2377.949951171875,2443.39990234375,2365.5,2424.64990234375,2372.256591796875,6532346
2020-12-17 00:00:00+05:30,2434.89990234375,2509.0,2420.14990234375,2494.60009765625,2440.6953125,7379515
2020-12-18 00:00:00+05:30,2482.0,2489.0,2431.0,2479.39990234375,2425.823486328125,4189517
2020-12-21 00:00:00+05:30,2468.0,2478.949951171875,2370.449951171875,2414.800048828125,2362.61962890625,3573982
2020-12-22 00:00:00+05:30,2415.0,2439.89990234375,2360.5,2403.64990234375,2351.71044921875,4832004
2020-12-23 00:00:00+05:30,2398.0,2419.64990234375,2376.75,2403.050048828125,2351.12353515625,2605828
2020-12-24 00:00:00+05:30,2417.0,2464.64990234375,2411.050048828125,2455.14990234375,2402.09765625,2723426
2020-12-28 00:00:00+05:30,2467.0,2485.0,2436.60009765625,2476.449951171875,2422.937255859375,2085391
2020-12-29 00:00:00+05:30,2480.0,2530.0,2480.0,2518.949951171875,2464.51904296875,4490464
2020-12-30 00:00:00+05:30,2518.949951171875,2525.0,2483.0,2518.050048828125,2463.638671875,2902423
2020-12-31 00:00:00+05:30,2518.699951171875,2575.0,2504.39990234375,2558.64990234375,2503.361083984375,4956399
2021-01-01 00:00:00+05:30,2549.0,2593.300048828125,2541.14990234375,2568.75,2513.242919921875,2054108
2021-01-04 00:00:00+05:30,2576.89990234375,2592.35009765625,2533.14990234375,2578.5,2522.7822265625,2795972
2021-01-05 00:00:00+05:30,2589.0,2659.449951171875,2572.39990234375,2651.85009765625,2594.547607421875,5870743
2021-01-06 00:00:00+05:30,2664.699951171875,2665.0,2619.0,2638.85009765625,2581.828125,3401085
2021-01-07 00:00:00+05:30,2670.0,2709.35009765625,2647.39990234375,2661.35009765625,2603.842041015625,4106042
2021-01-08 00:00:00+05:30,2668.0,2674.39990234375,2631.0,2657.5,2600.0751953125,4497042
2021-01-11 00:00:00+05:30,2680.0,2762.0,2666.75,2751.199951171875,2691.750244140625,5939812
2021-01-12 00:00:00+05:30,2738.0,2760.0,2719.0,2747.550048828125,2688.179443359375,3412213
2021-01-13 00:00:00+05:30,2760.449951171875,2777.14990234375,2651.10009765625,2670.89990234375,2613.185546875,5582165
2021-01-14 00:00:00+05:30,2670.0,2699.0,2647.14990234375,2684.050048828125,2626.051513671875,4253567
2021-01-15 00:00:00+05:30,2661.0,2688.449951171875,2615.60009765625,2632.75,2575.860107421875,2582955
2021-01-18 00:00:00+05:30,2645.949951171875,2647.39990234375,2550.0,2566.5,2511.04150390625,5154593
2021-01-19 00:00:00+05:30,2585.0,2680.800048828125,2575.0,2656.949951171875,2599.537109375,3569359
2021-01-20 00:00:00+05:30,2666.0,2711.89990234375,2622.60009765625,2688.14990234375,2630.062744140625,5771114
2021-01-21 00:00:00+05:30,2687.949951171875,2698.0,2641.25,2663.0,2605.456298828125,3200138
2021-01-22 00:00:00+05:30,2669.0,2678.75,2583.050048828125,2589.449951171875,2533.49560546875,5013872
2021-01-25 00:00:00+05:30,2630.449951171875,2670.0,2543.0,2551.39990234375,2496.267822265625,7761405
2021-01-27 00:00:00+05:30,2546.300048828125,2546.300048828125,2458.25,2467.0,2413.691650390625,4858346
2021-01-28 00:00:00+05:30,2430.10009765625,2454.0,2395.25,2425.75,2373.3330078125,5282970
2021-01-29 00:00:00+05:30,2450.0,2460.0,2364.60009765625,2377.800048828125,2326.419189453125,7347695
2021-02-01 00:00:00+05:30,2402.699951171875,2602.10009765625,2391.85009765625,2579.25,2523.51611328125,7106502
2021-02-02 00:00:00+05:30,2625.0,2762.949951171875,2612.0,2659.0,2601.542724609375,9253486
2021-02-03 00:00:00+05:30,2695.0,2734.5,2618.0,2703.550048828125,2645.130126953125,4782433
2021-02-04 00:00:00+05:30,2740.39990234375,2742.0,2659.0,2707.75,2649.239501953125,4108174
2021-02-05 00:00:00+05:30,2724.5,2767.800048828125,2696.199951171875,2721.5,2662.692138671875,4575345
2021-02-08 00:00:00+05:30,2765.0,2765.0,2711.10009765625,2733.35009765625,2674.286376953125,3807824
2021-02-09 00:00:00+05:30,2760.0,2784.0,2710.449951171875,2747.050048828125,2687.690185546875,5586584
2021-02-10 00:00:00+05:30,2745.949951171875,2780.0,2739.199951171875,2767.10009765625,2707.306884765625,5602915
2021-02-11 00:00:00+05:30,2744.10009765625,2767.60009765625,2737.449951171875,2760.60009765625,2700.947509765625,1935639
2021-02-12 00:00:00+05:30,2746.0,2809.0,2735.60009765625,2791.5,2731.1796875,2921180
2021-02-15 00:00:00+05:30,2819.0,2868.0,2805.0,2860.449951171875,2798.6396484375,2847445
2021-02-16 00:00:00+05:30,2871.0,2896.0,2838.0,2858.64990234375,2796.878662109375,2295100
2021-02-17 00:00:00+05:30,2850.25,2856.60009765625,2787.85009765625,2805.35009765625,2744.73046875,2874649
2021-02-18 00:00:00+05:30,2800.0,2806.0,2730.10009765625,2745.14990234375,2685.831298828125,2937262
2021-02-19 00:00:00+05:30,2725.0,2765.0,2714.14990234375,2741.300048828125,2682.064453125,2275146
2021-02-22 00:00:00+05:30,2741.300048828125,2741.300048828125,2638.14990234375,2651.949951171875,2594.64501953125,4090709
2021-02-23 00:00:00+05:30,2670.35009765625,2677.89990234375,2621.0,2628.60009765625,2571.7998046875,3022925
2021-02-24 00:00:00+05:30,2610.10009765625,2723.0,2610.10009765625,2707.75,2649.239501953125,2950645
2021-02-25 00:00:00+05:30,2718.5,2739.0,2677.0,2684.699951171875,2626.687255859375,4758112
2021-02-26 00:00:00+05:30,2631.050048828125,2631.050048828125,2520.0,2539.39990234375,2484.527099609375,8771431
2021-03-01 00:00:00+05:30,2556.0,2614.60009765625,2548.60009765625,2606.0,2549.688232421875,3595993
2021-03-02 00:00:00+05:30,2615.0,2615.0,2541.39990234375,2564.0,2508.595703125,4086134
2021-03-03 00:00:00+05:30,2608.89990234375,2664.14990234375,2592.14990234375,2654.89990234375,2597.53125,5640063
2021-03-04 00:00:00+05:30,2610.0,2610.0,2568.0,2582.949951171875,2527.135986328125,5315682
2021-03-05 00:00:00+05:30,2573.60009765625,2579.89990234375,2523.5,2543.89990234375,2488.929931640625,4254126
2021-03-08 00:00:00+05:30,2555.050048828125,2560.0,2505.39990234375,2510.25,2456.007080078125,2179821
2021-03-09 00:00:00+05:30,2513.10009765625,2584.39990234375,2513.10009765625,2577.300048828125,2521.608154296875,2877662
2021-03-10 00:00:00+05:30,2590.39990234375,2609.39990234375,2580.60009765625,2599.800048828125,2543.6220703125,2569360
2021-03-12 00:00:00+05:30,2662.0,2667.949951171875,2556.35009765625,2568.0,2512.509033203125,3487185
2021-03-15 00:00:00+05:30,2565.0,2568.0,2496.050048828125,2535.5,2480.71142578125,2905476
2021-03-16 00:00:00+05:30,2556.5,2562.64990234375,2503.0,2510.39990234375,2456.15380859375,2446483
2021-03-17 00:00:00+05:30,2509.10009765625,2542.0,2502.75,2515.550048828125,2461.192626953125,3362442
2021-03-18 00:00:00+05:30,2549.0,2561.449951171875,2501.0,2514.60009765625,2460.26318359375,3460891
2021-03-19 00:00:00+05:30,2486.0,2567.0,2481.699951171875,2531.64990234375,2476.944580078125,5277763
2021-03-22 00:00:00+05:30,2530.10009765625,2547.35009765625,2485.0,2531.85009765625,2477.140625,3367784
2021-03-23 00:00:00+05:30,2531.0,2541.35009765625,2492.10009765625,2509.89990234375,2455.66455078125,3980896
2021-03-24 00:00:00+05:30,2484.85009765625,2503.5,2446.699951171875,2465.75,2412.46875,3165420
2021-03-25 00:00:00+05:30,2488.0,2491.60009765625,2431.10009765625,2470.75,2417.360595703125,4759214
2021-03-26 00:00:00+05:30,2506.75,2548.0,2491.199951171875,2532.75,2478.02099609375,3272534
2021-03-30 00:00:00+05:30,2569.300048828125,2617.0,2555.25,2605.64990234375,2549.345458984375,4349087
2021-03-31 00:00:00+05:30,2599.60009765625,2599.60009765625,2490.0,2498.10009765625,2444.119873046875,5492619
2021-04-01 00:00:00+05:30,2524.0,2536.949951171875,2480.0,2531.449951171875,2476.748779296875,2621437
2021-04-05 00:00:00+05:30,2530.0,2531.0,2413.0,2445.85009765625,2392.998779296875,3353567
2021-04-06 00:00:00+05:30,2470.300048828125,2486.85009765625,2435.35009765625,2472.300048828125,2418.877197265625,2882606
2021-04-07 00:00:00+05:30,2489.0,2507.800048828125,2457.0,2482.699951171875,2429.05224609375,3511527
2021-04-08 00:00:00+05:30,2495.0,2530.89990234375,2485.75,2502.550048828125,2448.4736328125,2510746
2021-04-09 00:00:00+05:30,2522.0,2556.0,2492.300048828125,2513.89990234375,2459.578125,3234017
2021-04-12 00:00:00+05:30,2450.0,2454.449951171875,2405.0,2419.85009765625,2367.560546875,3772771
2021-04-13 00:00:00+05:30,2422.39990234375,2523.10009765625,2412.25,2512.949951171875,2458.648681640625,3832030
2021-04-15 00:00:00+05:30,2540.0,2555.0,2493.0,2547.14990234375,2492.109619140625,4201633
2021-04-16 00:00:00+05:30,2550.0,2589.800048828125,2546.85009765625,2574.050048828125,2518.428466796875,3133311
2021-04-19 00:00:00+05:30,2474.0,2510.0,2452.0,2492.35009765625,2438.493896484375,3550890
2021-04-20 00:00:00+05:30,2542.14990234375,2544.0,2406.199951171875,2415.89990234375,2363.695556640625,7365765
2021-04-22 00:00:00+05:30,2400.0,2485.0,2373.0,2479.699951171875,2426.1171875,4514740
2021-04-23 00:00:00+05:30,2455.050048828125,2504.14990234375,2437.5,2497.35009765625,2443.3857421875,3143779
2021-04-26 00:00:00+05:30,2500.0,2534.10009765625,2483.199951171875,2509.800048828125,2455.56689453125,3916088
2021-04-27 00:00:00+05:30,2494.14990234375,2526.800048828125,2486.25,2518.39990234375,2463.98095703125,2040799
2021-04-28 00:00:00+05:30,2516.10009765625,2609.0,2508.300048828125,2577.0,2521.314697265625,3407461
2021-04-29 00:00:00+05:30,2590.89990234375,2628.0,2533.0,2538.85009765625,2483.989013671875,3005468
2021-04-30 00:00:00+05:30,2503.10009765625,2525.0,2411.10009765625,2420.10009765625,2367.80517578125,6024595
2021-05-03 00:00:00+05:30,2365.0,2432.949951171875,2365.0,2418.5,2366.239501953125,2984938
2021-05-04 00:00:00+05:30,2420.0,2435.0,2373.60009765625,2377.199951171875,2325.83203125,3135834
2021-05-05 00:00:00+05:30,2392.0,2403.0,2354.0,2377.60009765625,2326.223388671875,3458463
2021-05-06 00:00:00+05:30,2397.300048828125,2435.0,2382.0,2430.10009765625,2377.589111328125,2401866
2021-05-07 00:00:00+05:30,2454.699951171875,2507.300048828125,2438.39990234375,2496.75,2442.798828125,4829852
2021-05-10 00:00:00+05:30,2515.10009765625,2563.699951171875,2515.10009765625,2531.35009765625,2476.6513671875,4289915
2021-05-11 00:00:00+05:30,2489.35009765625,2502.0,2447.60009765625,2464.199951171875,2410.9521484375,3728419
2021-05-12 00:00:00+05:30,2448.0,2448.0,2407.5,2438.699951171875,2386.003173828125,3168128
2021-05-14 00:00:00+05:30,2438.699951171875,2443.949951171875,2402.10009765625,2422.0,2369.6640625,2254726
2021-05-17 00:00:00+05:30,2454.0,2495.0,2435.5,2486.449951171875,2432.72119140625,4452603
2021-05-18 00:00:00+05:30,2508.0,2527.0,2486.949951171875,2502.85009765625,2448.76708984375,2844233
2021-05-19 00:00:00+05:30,2498.0,2517.0,2453.75,2459.85009765625,2406.6962890625,2031903
2021-05-20 00:00:00+05:30,2467.0,2488.0,2440.10009765625,2445.0,2392.1669921875,2551577
2021-05-21 00:00:00+05:30,2472.0,2525.949951171875,2457.14990234375,2518.050048828125,2463.638671875,2711607
2021-05-24 00:00:00+05:30,2515.0,2558.800048828125,2515.0,2540.89990234375,2485.99462890625,2655396
2021-05-25 00:00:00+05:30,2562.0,2570.39990234375,2523.5,2530.5,2475.819580078125,2641950
2021-05-26 00:00:00+05:30,2547.0,2575.0,2530.5,2567.550048828125,2512.06884765625,1839397
2021-05-27 00:00:00+05:30,2580.35009765625,2580.35009765625,2488.050048828125,2508.85009765625,2454.63720703125,14119786
2021-05-28 00:00:00+05:30,2514.64990234375,2549.85009765625,2511.0,2541.35009765625,2486.43505859375,2548032
2021-05-31 00:00:00+05:30,2527.550048828125,2564.800048828125,2502.0,2552.85009765625,2520.498046875,3221015
2021-06-01 00:00:00+05:30,2567.0,2610.0,2560.5,2580.75,2548.044189453125,3900226
2021-06-02 00:00:00+05:30,2570.75,2581.85009765625,2531.10009765625,2562.14990234375,2529.679931640625,3551619
2021-06-03 00:00:00+05:30,2568.0,2603.0,2556.449951171875,2584.0,2551.253173828125,3636647
2021-06-04 00:00:00+05:30,2588.0,2626.0,2584.050048828125,2619.050048828125,2585.85888671875,3593742
2021-06-07 00:00:00+05:30,2635.0,2635.39990234375,2582.0,2585.75,2552.98095703125,2222082
2021-06-08 00:00:00+05:30,2586.0,2589.89990234375,2550.0,2554.5,2522.126953125,3046814
2021-06-09 00:00:00+05:30,2558.0,2579.25,2539.75,2544.75,2512.50048828125,2784864
2021-06-10 00:00:00+05:30,2554.75,2567.85009765625,2535.0,2561.89990234375,2529.43310546875,2116122
2021-06-11 00:00:00+05:30,2575.0,2594.300048828125,2555.0,2559.800048828125,2527.35986328125,2340867
2021-06-14 00:00:00+05:30,2559.800048828125,2559.800048828125,2512.64990234375,2539.199951171875,2507.020751953125,2125197
2021-06-15 00:00:00+05:30,2559.800048828125,2559.800048828125,2535.199951171875,2545.10009765625,2512.84619140625,1589974
2021-06-16 00:00:00+05:30,2535.0,2545.0,2515.699951171875,2521.449951171875,2489.49560546875,2290999
2021-06-17 00:00:00+05:30,2482.199951171875,2506.949951171875,2482.199951171875,2487.300048828125,2455.778564453125,2657850
2021-06-18 00:00:00+05:30,2511.0,2511.0,2453.050048828125,2488.10009765625,2456.568603515625,3082747
2021-06-21 00:00:00+05:30,2459.0,2524.199951171875,2451.0,2516.39990234375,2484.509765625,1891651
2021-06-22 00:00:00+05:30,2546.800048828125,2546.800048828125,2514.699951171875,2522.89990234375,2490.92724609375,2604542
2021-06-23 00:00:00+05:30,2537.0,2537.0,2493.0,2497.199951171875,2465.552978515625,2179551
2021-06-24 00:00:00+05:30,2514.89990234375,2515.0,2485.0,2487.39990234375,2455.877197265625,3257706
2021-06-25 00:00:00+05:30,2511.0,2515.0,2482.0,2509.199951171875,2477.40087890625,1871813
2021-06-28 00:00:00+05:30,2515.0,2523.10009765625,2491.199951171875,2494.949951171875,2463.33154296875,2140346
2021-06-29 00:00:00+05:30,2510.0,2510.0,2476.89990234375,2501.199951171875,2469.50244140625,2671608
2021-06-30 00:00:00+05:30,2503.14990234375,2515.0,2472.199951171875,2475.25,2443.88134765625,2798047
2021-07-01 00:00:00+05:30,2480.0,2491.35009765625,2456.0,2459.39990234375,2428.23193359375,2189447
2021-07-02 00:00:00+05:30,2463.0,2480.0,2445.0,2475.699951171875,2444.325439453125,1951251
2021-07-05 00:00:00+05:30,2489.300048828125,2496.800048828125,2471.199951171875,2494.89990234375,2463.2822265625,1234739
2021-07-06 00:00:00+05:30,2492.60009765625,2518.89990234375,2490.199951171875,2496.39990234375,2464.76318359375,1428812
2021-07-07 00:00:00+05:30,2503.85009765625,2545.800048828125,2495.199951171875,2529.199951171875,2497.1474609375,2542003
2021-07-08 00:00:00+05:30,2535.0,2543.85009765625,2508.0,2512.050048828125,2480.21484375,2683729
2021-07-09 00:00:00+05:30,2504.10009765625,2509.0,2484.85009765625,2496.449951171875,2464.8125,1348273
2021-07-12 00:00:00+05:30,2503.0,2511.0,2452.199951171875,2476.949951171875,2445.5595703125,6818026
2021-07-13 00:00:00+05:30,2496.0,2549.949951171875,2487.75,2544.89990234375,2512.6484375,3716936
2021-07-14 00:00:00+05:30,2544.0,2544.89990234375,2516.0,2531.10009765625,2499.023681640625,2725020
2021-07-15 00:00:00+05:30,2539.0,2555.0,2516.0,2540.10009765625,2507.909423828125,3272479
2021-07-16 00:00:00+05:30,2548.0,2558.0,2531.5,2536.89990234375,2504.749755859375,1568532
2021-07-19 00:00:00+05:30,2488.0,2497.699951171875,2470.89990234375,2481.64990234375,2450.199951171875,2262325
2021-07-20 00:00:00+05:30,2470.0,2480.5,2450.0,2458.75,2427.59033203125,1731830
2021-07-22 00:00:00+05:30,2470.10009765625,2493.050048828125,2465.5,2490.300048828125,2458.740478515625,1792789
2021-07-23 00:00:00+05:30,2497.800048828125,2501.60009765625,2470.0,2482.5,2451.039306640625,1275979
2021-07-26 00:00:00+05:30,2485.0,2485.0,2460.0,2464.300048828125,2433.070068359375,1462225
2021-07-27 00:00:00+05:30,2470.89990234375,2474.0,2430.0,2433.949951171875,2403.1044921875,2680260
2021-07-28 00:00:00+05:30,2417.10009765625,2432.449951171875,2380.0,2425.800048828125,2395.057861328125,3988878
2021-07-29 00:00:00+05:30,2424.0,2433.64990234375,2405.10009765625,2414.800048828125,2384.197265625,3288676
2021-07-30 00:00:00+05:30,2417.949951171875,2464.699951171875,2414.800048828125,2441.14990234375,2410.21337890625,4128459
2021-08-02 00:00:00+05:30,2466.0,2487.0,2425.10009765625,2462.050048828125,2430.8486328125,5009133
2021-08-03 00:00:00+05:30,2515.0,2560.0,2476.0,2554.64990234375,2522.27490234375,5962929
2021-08-04 00:00:00+05:30,2573.300048828125,2681.0,2565.0,2676.050048828125,2642.136474609375,9604932
2021-08-05 00:00:00+05:30,2680.0,2685.0,2644.300048828125,2661.699951171875,2627.96826171875,4021021
2021-08-06 00:00:00+05:30,2657.0,2673.0,2621.39990234375,2628.10009765625,2594.794189453125,2139764
2021-08-09 00:00:00+05:30,2632.050048828125,2646.25,2599.89990234375,2623.89990234375,2590.647216796875,1751767
2021-08-10 00:00:00+05:30,2634.699951171875,2678.699951171875,2626.85009765625,2671.64990234375,2637.792236328125,4690741
2021-08-11 00:00:00+05:30,2675.0,2689.5,2633.75,2658.5,2624.808837890625,1769627
2021-08-12 00:00:00+05:30,2656.60009765625,2675.25,2646.60009765625,2668.75,2634.928955078125,1702479
2021-08-13 00:00:00+05:30,2662.0,2715.0,2662.0,2704.14990234375,2669.88037109375,3248615
2021-08-16 00:00:00+05:30,2696.800048828125,2734.449951171875,2693.800048828125,2731.14990234375,2696.5380859375,2465887
2021-08-17 00:00:00+05:30,2729.949951171875,2750.0,2707.14990234375,2738.39990234375,2703.6962890625,2795510
2021-08-18 00:00:00+05:30,2750.0,2770.300048828125,2698.0,2710.75,2676.396728515625,2501410
2021-08-20 00:00:00+05:30,2700.0,2738.949951171875,2698.0,2722.050048828125,2687.5537109375,3986473
2021-08-23 00:00:00+05:30,2745.5,2758.5,2710.0,2721.949951171875,2687.454833984375,1901700
2021-08-24 00:00:00+05:30,2726.0,2729.89990234375,2683.949951171875,2691.25,2657.143798828125,2984595
2021-08-25 00:00:00+05:30,2707.800048828125,2718.5,2696.25,2699.25,2665.04248046875,1714777
2021-08-26 00:00:00+05:30,2711.25,2720.0,2682.199951171875,2700.35009765625,2666.128662109375,1855274
2021-08-27 00:00:00+05:30,2694.10009765625,2724.64990234375,2662.050048828125,2718.199951171875,2683.752197265625,2761023
2021-08-30 00:00:00+05:30,2730.449951171875,2764.89990234375,2723.10009765625,2755.699951171875,2720.777099609375,1731926
2021-08-31 00:00:00+05:30,2748.0,2812.0,2739.35009765625,2798.5,2763.03466796875,4933523
2021-09-01 00:00:00+05:30,2790.0,2796.949951171875,2736.60009765625,2747.75,2712.927978515625,3084291
2021-09-02 00:00:00+05:30,2756.89990234375,2785.0,2737.25,2777.699951171875,2742.498291015625,1734037
2021-09-03 00:00:00+05:30,2768.10009765625,2784.14990234375,2742.10009765625,2758.60009765625,2723.640380859375,1914438
2021-09-06 00:00:00+05:30,2765.0,2777.699951171875,2741.199951171875,2765.300048828125,2730.255615234375,1729080
2021-09-07 00:00:00+05:30,2769.800048828125,2853.64990234375,2749.949951171875,2837.0,2801.046875,4072518
2021-09-08 00:00:00+05:30,2838.25,2852.0,2802.25,2829.300048828125,2793.4443359375,2274494
2021-09-09 00:00:00+05:30,2815.199951171875,2853.85009765625,2813.800048828125,2830.10009765625,2794.234375,1986913
2021-09-13 00:00:00+05:30,2844.0,2875.85009765625,2833.300048828125,2849.800048828125,2813.6845703125,3283960
2021-09-14 00:00:00+05:30,2864.949951171875,2869.0,2810.0,2818.050048828125,2782.3369140625,2238463
2021-09-15 00:00:00+05:30,2805.699951171875,2843.0,2795.0,2815.449951171875,2779.769775390625,1924840
2021-09-16 00:00:00+05:30,2800.0,2823.89990234375,2798.5,2812.35009765625,2776.709228515625,1831201
2021-09-17 00:00:00+05:30,2832.25,2851.949951171875,2801.699951171875,2825.64990234375,2789.840576171875,4447386
2021-09-20 00:00:00+05:30,2795.300048828125,2808.64990234375,2733.0,2742.5,2707.744384765625,2057743
2021-09-21 00:00:00+05:30,2760.0,2780.699951171875,2724.75,2774.35009765625,2739.19091796875,2119275
2021-09-22 00:00:00+05:30,2765.0,2773.949951171875,2717.699951171875,2734.699951171875,2700.043212890625,3054547
2021-09-23 00:00:00+05:30,2756.10009765625,2828.5,2730.0,2817.39990234375,2781.695068359375,3720965
2021-09-24 00:00:00+05:30,2818.60009765625,2850.0,2800.0,2839.0,2803.021484375,2433032
2021-09-27 00:00:00+05:30,2845.75,2869.39990234375,2824.800048828125,2839.800048828125,2803.811279296875,2684448
2021-09-28 00:00:00+05:30,2842.0,2850.0,2760.949951171875,2804.949951171875,2769.40283203125,2645677
2021-09-29 00:00:00+05:30,2786.5,2792.949951171875,2739.10009765625,2746.449951171875,2711.644287109375,3333322
2021-09-30 00:00:00+05:30,2729.89990234375,2785.0,2721.199951171875,2754.300048828125,2719.39501953125,4186802
2021-10-01 00:00:00+05:30,2738.60009765625,2752.0,2693.60009765625,2711.64990234375,2677.28515625,2462648
2021-10-04 00:00:00+05:30,2740.14990234375,2770.0,2720.60009765625,2725.199951171875,2690.66357421875,2170643
2021-10-05 00:00:00+05:30,2720.0,2754.949951171875,2715.449951171875,2741.449951171875,2706.707763671875,2125952
2021-10-06 00:00:00+05:30,2729.0,2795.0,2717.0,2750.949951171875,2716.087158203125,3585605
2021-10-07 00:00:00+05:30,2770.699951171875,2774.949951171875,2722.60009765625,2727.0,2692.44091796875,2247842
2021-10-08 00:00:00+05:30,2731.0,2745.60009765625,2716.0,2720.64990234375,2686.171142578125,1719442
2021-10-11 00:00:00+05:30,2739.0,2769.0,2726.800048828125,2749.25,2714.408935546875,1773236
2021-10-12 00:00:00+05:30,2749.699951171875,2767.0,2735.0,2755.10009765625,2720.184814453125,1405800
2021-10-13 00:00:00+05:30,2775.0,2775.0,2748.199951171875,2765.60009765625,2730.5517578125,1513606
2021-10-14 00:00:00+05:30,2758.300048828125,2815.550048828125,2751.85009765625,2808.75,2773.15478515625,2737670
2021-10-18 00:00:00+05:30,2848.0,2848.0,2788.050048828125,2811.5,2775.869873046875,2609969
2021-10-19 00:00:00+05:30,2825.0,2827.949951171875,2800.0,2822.89990234375,2787.12548828125,1994376
2021-10-20 00:00:00+05:30,2833.0,2839.85009765625,2773.39990234375,2795.10009765625,2759.677978515625,2106814
2021-10-21 00:00:00+05:30,2814.0,2857.39990234375,2797.85009765625,2844.10009765625,2808.056884765625,3747385
2021-10-22 00:00:00+05:30,2858.800048828125,2938.35009765625,2856.0,2903.949951171875,2867.148193359375,4364342
2021-10-25 00:00:00+05:30,2905.0,2919.0,2856.25,2896.14990234375,2859.447021484375,3463553
2021-10-26 00:00:00+05:30,2908.0,2934.0,2896.0,2911.64990234375,2874.750732421875,2430141
2021-10-27 00:00:00+05:30,2920.050048828125,2948.0,2901.39990234375,2915.0,2878.058349609375,3136213
2021-10-28 00:00:00+05:30,2891.0,2924.300048828125,2863.14990234375,2900.800048828125,2864.038330078125,3302920
2021-10-29 00:00:00+05:30,2891.0,2893.0,2791.199951171875,2844.699951171875,2808.649169921875,3830779
2021-11-01 00:00:00+05:30,2873.0,2947.89990234375,2838.050048828125,2887.949951171875,2851.35107421875,4951039
2021-11-02 00:00:00+05:30,2887.89990234375,2917.25,2865.64990234375,2900.050048828125,2863.2978515625,4355642
2021-11-03 00:00:00+05:30,2908.0,2932.89990234375,2872.0,2895.89990234375,2859.2001953125,3731077
2021-11-04 00:00:00+05:30,2899.050048828125,2909.0,2895.050048828125,2899.699951171875,2862.9521484375,129087
2021-11-08 00:00:00+05:30,2929.0,3002.0,2906.14990234375,2979.550048828125,2941.790283203125,5481172
2021-11-09 00:00:00+05:30,2955.050048828125,2966.949951171875,2916.10009765625,2941.60009765625,2904.3212890625,2947787
2021-11-10 00:00:00+05:30,2920.0,2951.0,2886.050048828125,2945.60009765625,2908.2705078125,3294239
2021-11-11 00:00:00+05:30,2932.0,2932.0,2885.14990234375,2908.85009765625,2871.986328125,2480671
2021-11-12 00:00:00+05:30,2925.0,2998.0,2905.449951171875,2992.64990234375,2954.72412109375,2802442
2021-11-15 00:00:00+05:30,3004.0,3021.10009765625,2971.0,3000.85009765625,2962.820556640625,3248126
2021-11-16 00:00:00+05:30,2986.199951171875,2999.25,2957.699951171875,2975.449951171875,2937.7421875,4242014
2021-11-17 00:00:00+05:30,2956.10009765625,2977.199951171875,2932.25,2948.39990234375,2911.034912109375,2398355
2021-11-18 00:00:00+05:30,2936.10009765625,2964.050048828125,2916.75,2925.39990234375,2888.326416015625,3481704
2021-11-22 00:00:00+05:30,2902.0,2934.0,2885.14990234375,2894.85009765625,2858.163818359375,3951901
2021-11-23 00:00:00+05:30,2855.0,2915.0,2855.0,2906.5,2869.666015625,3340056
2021-11-24 00:00:00+05:30,2905.050048828125,2923.0,2864.5,2883.550048828125,2847.0068359375,2318225
2021-11-25 00:00:00+05:30,2890.449951171875,2890.449951171875,2847.0,2867.75,2831.4072265625,2221089
2021-11-26 00:00:00+05:30,2820.35009765625,2856.0,2723.0,2741.699951171875,2706.95458984375,3353278
2021-11-29 00:00:00+05:30,2745.0,2747.5,2682.300048828125,2713.800048828125,2679.408203125,3571428
2021-11-30 00:00:00+05:30,2665.0,2764.89990234375,2656.0,2673.10009765625,2639.22412109375,7628539
2021-12-01 00:00:00+05:30,2712.800048828125,2757.449951171875,2696.199951171875,2703.64990234375,2669.38671875,3847384
2021-12-02 00:00:00+05:30,2701.050048828125,2814.949951171875,2701.050048828125,2807.800048828125,2772.216796875,4570690
2021-12-03 00:00:00+05:30,2790.0,2823.949951171875,2765.0,2771.64990234375,2736.52490234375,2961572
2021-12-06 00:00:00+05:30,2774.5,2799.89990234375,2760.0,2768.800048828125,2733.711181640625,1683131
2021-12-07 00:00:00+05:30,2795.0,2838.050048828125,2769.449951171875,2817.5,2781.7939453125,2543784
2021-12-08 00:00:00+05:30,2825.25,2864.0,2820.050048828125,2853.0,2816.843994140625,1772235
2021-12-09 00:00:00+05:30,2872.0,2877.75,2829.050048828125,2842.050048828125,2806.032958984375,2036491
2021-12-10 00:00:00+05:30,2823.300048828125,2838.25,2788.5,2808.75,2773.15478515625,3455657
2021-12-13 00:00:00+05:30,2832.800048828125,2838.800048828125,2766.050048828125,2771.85009765625,2736.72265625,2661378
2021-12-14 00:00:00+05:30,2750.0,2764.0,2720.60009765625,2751.949951171875,2717.07470703125,2039433
2021-12-15 00:00:00+05:30,2755.0,2759.949951171875,2715.0,2721.800048828125,2687.306884765625,1355100
2021-12-16 00:00:00+05:30,2749.39990234375,2755.25,2687.800048828125,2699.60009765625,2665.38818359375,3149777
2021-12-17 00:00:00+05:30,2700.0,2712.300048828125,2611.0,2617.35009765625,2584.180419921875,4503515
2021-12-20 00:00:00+05:30,2594.0,2594.0,2506.050048828125,2550.300048828125,2517.980224609375,3483707
2021-12-21 00:00:00+05:30,2583.75,2588.89990234375,2530.0,2540.85009765625,2508.64990234375,2502122
2021-12-22 00:00:00+05:30,2551.949951171875,2557.14990234375,2520.14990234375,2539.0,2506.8232421875,2763684
2021-12-23 00:00:00+05:30,2558.0,2582.0,2543.35009765625,2571.14990234375,2538.56591796875,1777068
2021-12-24 00:00:00+05:30,2585.0,2585.0,2525.5,2534.550048828125,2502.4296875,1033480
2021-12-27 00:00:00+05:30,2520.0,2564.89990234375,2509.449951171875,2558.85009765625,2526.421875,915233
2021-12-28 00:00:00+05:30,2579.800048828125,2587.85009765625,2548.0,2565.35009765625,2532.839599609375,1634180
2021-12-29 00:00:00+05:30,2575.0,2581.0,2551.0,2563.550048828125,2531.062255859375,1474656
2021-12-30 00:00:00+05:30,2561.300048828125,2579.800048828125,2545.39990234375,2563.699951171875,2531.210205078125,1558019
2021-12-31 00:00:00+05:30,2565.0,2608.64990234375,2561.0,2586.449951171875,2553.671875,2289067
2022-01-03 00:00:00+05:30,2594.0,2640.0,2587.10009765625,2636.39990234375,2602.989013671875,1256497
2022-01-04 00:00:00+05:30,2645.0,2678.699951171875,2620.35009765625,2675.300048828125,2641.39599609375,1846249
2022-01-05 00:00:00+05:30,2680.949951171875,2695.449951171875,2652.300048828125,2673.64990234375,2639.766845703125,3743882
2022-01-06 00:00:00+05:30,2646.35009765625,2654.75,2603.5,2620.39990234375,2587.191650390625,4616700
2022-01-07 00:00:00+05:30,2606.050048828125,2618.300048828125,2585.0,2596.699951171875,2563.7919921875,6185361
2022-01-10 00:00:00+05:30,2601.89990234375,2665.050048828125,2601.89990234375,2659.64990234375,2625.9443359375,5328083
2022-01-11 00:00:00+05:30,2664.0,2729.0,2664.0,2710.949951171875,2676.59423828125,4170007
2022-01-12 00:00:00+05:30,2736.0,2752.0,2713.050048828125,2737.5,2702.807861328125,2695634
2022-01-13 00:00:00+05:30,2750.0,2762.0,2726.10009765625,2756.0,2721.0732421875,2011413
2022-01-14 00:00:00+05:30,2712.0,2731.60009765625,2687.300048828125,2712.449951171875,2678.0751953125,1765906
2022-01-17 00:00:00+05:30,2710.60009765625,2733.10009765625,2692.5,2702.699951171875,2668.44873046875,1614989
2022-01-18 00:00:00+05:30,2713.0,2713.550048828125,2656.800048828125,2662.5,2628.75830078125,2086266
2022-01-19 00:00:00+05:30,2681.0,2698.85009765625,2608.10009765625,2620.25,2587.043701171875,1793748
2022-01-20 00:00:00+05:30,2612.64990234375,2630.0,2543.39990234375,2569.300048828125,2536.739501953125,3759429
2022-01-21 00:00:00+05:30,2553.5,2605.35009765625,2542.050048828125,2592.949951171875,2560.089599609375,3952946
2022-01-24 00:00:00+05:30,2571.64990234375,2601.800048828125,2510.35009765625,2539.800048828125,2507.61328125,2340062
2022-01-25 00:00:00+05:30,2500.0,2540.699951171875,2473.800048828125,2530.60009765625,2498.52978515625,4528568
2022-01-27 00:00:00+05:30,2505.60009765625,2514.0,2448.60009765625,2503.35009765625,2471.625244140625,6600059
2022-01-28 00:00:00+05:30,2513.699951171875,2556.800048828125,2488.699951171875,2516.5,2484.6083984375,4885166
2022-01-31 00:00:00+05:30,2541.800048828125,2561.39990234375,2513.14990234375,2521.0,2489.051513671875,3306726
2022-02-01 00:00:00+05:30,2552.60009765625,2596.0,2510.300048828125,2565.35009765625,2532.839599609375,2980741
2022-02-02 00:00:00+05:30,2583.199951171875,2623.300048828125,2580.699951171875,2612.949951171875,2579.836181640625,4160178
2022-02-03 00:00:00+05:30,2613.0,2620.0,2520.0,2527.800048828125,2495.765380859375,4647089
2022-02-04 00:00:00+05:30,2546.5,2547.0,2497.0,2503.25,2471.5263671875,4404184
2022-02-07 00:00:00+05:30,2488.5,2512.10009765625,2420.0,2428.14990234375,2397.378173828125,3664108
2022-02-08 00:00:00+05:30,2441.0,2452.0,2405.0,2414.60009765625,2384.0,6127473
2022-02-09 00:00:00+05:30,2432.0,2442.5,2402.5,2435.35009765625,2404.487060546875,7141774
2022-02-10 00:00:00+05:30,2462.0,2505.699951171875,2441.60009765625,2476.550048828125,2445.164794921875,6346218
2022-02-11 00:00:00+05:30,2449.949951171875,2449.949951171875,2417.10009765625,2426.35009765625,2395.60107421875,4062444
2022-02-14 00:00:00+05:30,2390.0,2390.0,2290.0,2296.800048828125,2267.69287109375,5903697
2022-02-15 00:00:00+05:30,2319.75,2345.0,2286.85009765625,2340.25,2310.592041015625,9153706
2022-02-16 00:00:00+05:30,2341.0,2403.85009765625,2341.0,2363.85009765625,2333.89306640625,8005225
2022-02-17 00:00:00+05:30,2389.949951171875,2426.0,2361.800048828125,2411.800048828125,2381.2353515625,5317679
2022-02-18 00:00:00+05:30,2411.800048828125,2451.0,2402.39990234375,2441.14990234375,2410.21337890625,3725963
2022-02-21 00:00:00+05:30,2424.949951171875,2447.64990234375,2410.0,2436.800048828125,2405.91845703125,2979739
2022-02-22 00:00:00+05:30,2385.10009765625,2462.25,2373.14990234375,2453.949951171875,2422.85107421875,4604370
2022-02-23 00:00:00+05:30,2471.800048828125,2479.449951171875,2428.300048828125,2437.050048828125,2406.16552734375,3044306
2022-02-24 00:00:00+05:30,2367.0,2401.0,2331.0,2343.050048828125,2313.356689453125,5058230
2022-02-25 00:00:00+05:30,2380.89990234375,2417.10009765625,2370.050048828125,2401.35009765625,2370.91796875,2731176
2022-02-28 00:00:00+05:30,2375.0,2402.800048828125,2333.0,2364.5,2334.53466796875,8366630
2022-03-02 00:00:00+05:30,2321.5,2321.5,2259.449951171875,2278.10009765625,2249.229736328125,8890970
2022-03-03 00:00:00+05:30,2280.0,2306.550048828125,2262.25,2273.0,2244.1943359375,6191711
2022-03-04 00:00:00+05:30,2250.300048828125,2263.0,2203.0,2217.5,2189.397705078125,4537882
2022-03-07 00:00:00+05:30,2139.39990234375,2154.89990234375,2098.199951171875,2121.949951171875,2095.05859375,7675627
2022-03-08 00:00:00+05:30,2106.0,2161.949951171875,2046.0,2151.699951171875,2124.431640625,9024183
2022-03-09 00:00:00+05:30,2151.699951171875,2216.0,2120.35009765625,2194.39990234375,2166.59033203125,6114047
2022-03-10 00:00:00+05:30,2287.0,2287.0,2206.64990234375,2237.949951171875,2209.58837890625,4183914
2022-03-11 00:00:00+05:30,2216.0,2259.85009765625,2189.89990234375,2230.0,2201.7392578125,2532517
2022-03-14 00:00:00+05:30,2235.0,2285.60009765625,2218.0,2275.699951171875,2246.860107421875,2153393
2022-03-15 00:00:00+05:30,2291.699951171875,2308.050048828125,2230.449951171875,2240.85009765625,2212.451904296875,4557236
2022-03-16 00:00:00+05:30,2280.0,2320.0,2272.64990234375,2292.10009765625,2263.052490234375,3558601
2022-03-17 00:00:00+05:30,2346.0,2423.800048828125,2346.0,2415.25,2384.6416015625,6664277
2022-03-21 00:00:00+05:30,2459.0,2459.0,2383.5,2391.89990234375,2361.58740234375,3702411
2022-03-22 00:00:00+05:30,2398.0,2420.0,2355.550048828125,2402.75,2372.300048828125,6357856
2022-03-23 00:00:00+05:30,2408.75,2422.60009765625,2341.199951171875,2346.300048828125,2316.5654296875,3173223
2022-03-24 00:00:00+05:30,2318.0,2356.949951171875,2303.550048828125,2310.5,2281.21923828125,3994199
2022-03-25 00:00:00+05:30,2333.0,2339.050048828125,2286.75,2303.0,2273.814208984375,3418282
2022-03-28 00:00:00+05:30,2310.0,2313.89990234375,2234.10009765625,2268.25,2239.504638671875,4734110
2022-03-29 00:00:00+05:30,2285.89990234375,2344.89990234375,2284.0,2337.35009765625,2307.72900390625,3202852
2022-03-30 00:00:00+05:30,2369.39990234375,2388.0,2347.64990234375,2385.449951171875,2355.21923828125,3176850
2022-03-31 00:00:00+05:30,2381.5,2428.199951171875,2380.199951171875,2390.39990234375,2360.1064453125,4167353
2022-04-01 00:00:00+05:30,2363.199951171875,2464.699951171875,2349.0,2452.300048828125,2421.22216796875,2651324
2022-04-04 00:00:00+05:30,2570.5,2933.800048828125,2570.5,2680.050048828125,2646.0859375,34117717
2022-04-05 00:00:00+05:30,2677.39990234375,2680.0,2614.10009765625,2623.699951171875,2590.449951171875,6178848
2022-04-06 00:00:00+05:30,2597.39990234375,2604.0,2530.10009765625,2536.050048828125,2503.910888671875,5102935
2022-04-07 00:00:00+05:30,2511.60009765625,2519.89990234375,2458.14990234375,2462.699951171875,2431.490234375,8094839
2022-04-08 00:00:00+05:30,2490.0,2490.0,2427.60009765625,2458.25,2427.0966796875,9568303
2022-04-11 00:00:00+05:30,2440.0,2454.0,2421.10009765625,2424.699951171875,2393.971923828125,4173679
2022-04-12 00:00:00+05:30,2411.199951171875,2443.699951171875,2399.0,2425.699951171875,2394.959228515625,5390147
2022-04-13 00:00:00+05:30,2447.0,2447.0,2371.550048828125,2378.5,2348.357421875,4257122
2022-04-18 00:00:00+05:30,2318.60009765625,2322.0,2257.050048828125,2263.5,2234.814697265625,9158650
2022-04-19 00:00:00+05:30,2264.10009765625,2270.89990234375,2111.25,2140.199951171875,2113.077392578125,20050720
2022-04-20 00:00:00+05:30,2154.0,2188.89990234375,2144.0,2180.199951171875,2152.5703125,5434844
2022-04-21 00:00:00+05:30,2197.699951171875,2246.60009765625,2181.199951171875,2230.64990234375,2202.380859375,5419406
2022-04-22 00:00:00+05:30,2190.050048828125,2242.300048828125,2186.0,2206.39990234375,2178.438232421875,4840122
2022-04-25 00:00:00+05:30,2187.89990234375,2221.0,2156.0,2210.5,2182.486328125,2999737
2022-04-26 00:00:00+05:30,2230.0,2239.0,2205.0,2230.199951171875,2201.936767578125,2514191
2022-04-27 00:00:00+05:30,2214.699951171875,2238.89990234375,2206.0,2218.699951171875,2190.58251953125,2560457
2022-04-28 00:00:00+05:30,2237.39990234375,2237.39990234375,2206.75,2224.0,2195.8154296875,3424941
2022-04-29 00:00:00+05:30,2230.0,2283.5,2215.0,2229.699951171875,2201.443115234375,5492816
2022-05-02 00:00:00+05:30,2194.10009765625,2270.0,2184.0,2264.0,2235.308349609375,3878583
2022-05-04 00:00:00+05:30,2271.300048828125,2278.0,2192.0,2206.949951171875,2178.9814453125,4754704
2022-05-05 00:00:00+05:30,2230.35009765625,2251.89990234375,2207.0,2215.39990234375,2187.32421875,2661611
2022-05-06 00:00:00+05:30,2170.0,2190.0,2142.75,2150.64990234375,2123.394775390625,3862931
2022-05-09 00:00:00+05:30,2115.0,2181.0,2113.60009765625,2168.300048828125,2140.8212890625,3969231
2022-05-10 00:00:00+05:30,2163.449951171875,2221.800048828125,2160.25,2201.300048828125,2173.403076171875,4205193
2022-05-11 00:00:00+05:30,2228.199951171875,2237.85009765625,2186.35009765625,2219.10009765625,2190.9775390625,3499620
2022-05-12 00:00:00+05:30,2190.0,2204.0,2143.0,2150.449951171875,2123.197265625,4361039
2022-05-13 00:00:00+05:30,2165.39990234375,2190.949951171875,2125.25,2132.949951171875,2105.919189453125,4905109
2022-05-16 00:00:00+05:30,2134.5,2182.550048828125,2130.550048828125,2172.10009765625,2144.5732421875,1745877
2022-05-17 00:00:00+05:30,2180.0,2196.60009765625,2160.75,2190.550048828125,2162.789306640625,3079155
2022-05-18 00:00:00+05:30,2195.0,2218.0,2178.0,2184.550048828125,2156.865234375,2472415
2022-05-19 00:00:00+05:30,2132.0,2158.949951171875,2122.64990234375,2136.300048828125,2109.226806640625,3867697
2022-05-20 00:00:00+05:30,2165.0,2212.0,2152.300048828125,2201.60009765625,2173.69921875,3954167
2022-05-23 00:00:00+05:30,2217.699951171875,2221.0,2165.199951171875,2175.949951171875,2148.374267578125,3630816
2022-05-24 00:00:00+05:30,2167.75,2226.0,2158.10009765625,2206.800048828125,2178.833251953125,3778065
2022-05-25 00:00:00+05:30,2217.85009765625,2251.14990234375,2216.050048828125,2237.449951171875,2209.0947265625,3147555
2022-05-26 00:00:00+05:30,2242.0,2301.64990234375,2242.0,2287.75,2258.75732421875,5940524
2022-05-27 00:00:00+05:30,2304.60009765625,2334.25,2300.300048828125,2330.39990234375,2300.866943359375,2257207
2022-05-30 00:00:00+05:30,2367.800048828125,2388.0,2362.300048828125,2367.25,2337.25,5423558
2022-05-31 00:00:00+05:30,2328.0,2334.199951171875,2287.89990234375,2306.75,2306.75,6282851
2022-06-01 00:00:00+05:30,2314.0,2335.64990234375,2292.35009765625,2329.89990234375,2329.89990234375,2982569
2022-06-02 00:00:00+05:30,2324.39990234375,2324.39990234375,2278.35009765625,2289.60009765625,2289.60009765625,2873032
2022-06-03 00:00:00+05:30,2308.0,2316.050048828125,2271.35009765625,2277.35009765625,2277.35009765625,2975522
2022-06-06 00:00:00+05:30,2257.0,2288.0,2256.050048828125,2274.0,2274.0,2897544
2022-06-07 00:00:00+05:30,2248.5,2263.0,2226.0,2259.5,2259.5,2112189
2022-06-08 00:00:00+05:30,2280.0,2281.699951171875,2242.60009765625,2258.64990234375,2258.64990234375,1780048
2022-06-09 00:00:00+05:30,2240.050048828125,2273.75,2238.0,2265.449951171875,2265.449951171875,2053393
2022-06-10 00:00:00+05:30,2240.300048828125,2246.949951171875,2172.5,2179.800048828125,2179.800048828125,4485909
2022-06-13 00:00:00+05:30,2115.0,2137.64990234375,2089.35009765625,2128.449951171875,2128.449951171875,3700786
2022-06-14 00:00:00+05:30,2094.0,2132.0,2090.050048828125,2109.5,2109.5,3631959
2022-06-15 00:00:00+05:30,2097.0,2110.949951171875,2071.300048828125,2105.449951171875,2105.449951171875,4365287
2022-06-16 00:00:00+05:30,2115.35009765625,2133.800048828125,2050.0,2056.5,2056.5,3189251
2022-06-17 00:00:00+05:30,2035.0,2064.89990234375,2026.0,2052.699951171875,2052.699951171875,5009613
2022-06-20 00:00:00+05:30,2063.449951171875,2139.85009765625,2062.10009765625,2135.25,2135.25,5845204
2022-06-21 00:00:00+05:30,2147.10009765625,2192.050048828125,2138.64990234375,2174.699951171875,2174.699951171875,3407154
2022-06-22 00:00:00+05:30,2160.0,2185.85009765625,2151.10009765625,2159.25,2159.25,2951514
2022-06-23 00:00:00+05:30,2156.35009765625,2179.949951171875,2135.0,2164.199951171875,2164.199951171875,2709259
2022-06-24 00:00:00+05:30,2160.10009765625,2201.0,2158.050048828125,2189.0,2189.0,3076421
2022-06-27 00:00:00+05:30,2219.0,2221.0,2188.800048828125,2194.449951171875,2194.449951171875,2781655
2022-06-28 00:00:00+05:30,2177.0,2197.0,2159.0,2180.85009765625,2180.85009765625,2995821
2022-06-29 00:00:00+05:30,2168.0,2189.949951171875,2164.10009765625,2177.14990234375,2177.14990234375,2137621
2022-06-30 00:00:00+05:30,2156.050048828125,2194.0,2152.10009765625,2170.85009765625,2170.85009765625,3052310
2022-07-01 00:00:00+05:30,2155.0,2224.050048828125,2133.10009765625,2210.550048828125,2210.550048828125,2776869
2022-07-04 00:00:00+05:30,2195.14990234375,2220.550048828125,2178.199951171875,2216.85009765625,2216.85009765625,1713059
2022-07-05 00:00:00+05:30,2241.0,2245.5,2191.39990234375,2202.89990234375,2202.89990234375,3289675
2022-07-06 00:00:00+05:30,2186.0,2234.0,2186.0,2229.5,2229.5,3415023
2022-07-07 00:00:00+05:30,2241.60009765625,2249.449951171875,2228.60009765625,2245.550048828125,2245.550048828125,2907549
2022-07-08 00:00:00+05:30,2260.0,2262.39990234375,2224.89990234375,2239.75,2239.75,4484309
2022-07-11 00:00:00+05:30,2233.25,2260.0,2228.25,2249.5,2249.5,2115442
2022-07-12 00:00:00+05:30,2230.0,2243.0,2218.0,2226.89990234375,2226.89990234375,1699784
2022-07-13 00:00:00+05:30,2235.0,2239.60009765625,2160.550048828125,2165.050048828125,2165.050048828125,3364164
2022-07-14 00:00:00+05:30,2177.85009765625,2194.89990234375,2160.0,2167.39990234375,2167.39990234375,2740215
2022-07-15 00:00:00+05:30,2172.5,2218.949951171875,2171.25,2216.10009765625,2216.10009765625,2486731
2022-07-18 00:00:00+05:30,2212.0,2223.35009765625,2188.0,2204.300048828125,2204.300048828125,2747346
2022-07-19 00:00:00+05:30,2192.0,2223.0,2191.25,2217.699951171875,2217.699951171875,2586991
2022-07-20 00:00:00+05:30,2243.0,2252.699951171875,2224.0,2231.39990234375,2231.39990234375,2511265
2022-07-21 00:00:00+05:30,2230.0,2250.39990234375,2225.0,2242.39990234375,2242.39990234375,2316951
2022-07-22 00:00:00+05:30,2260.0,2302.050048828125,2250.60009765625,2295.949951171875,2295.949951171875,3059414
2022-07-25 00:00:00+05:30,2286.0,2320.0,2275.60009765625,2308.64990234375,2308.64990234375,1931624
2022-07-26 00:00:00+05:30,2307.75,2309.949951171875,2286.0,2292.5,2292.5,1606301
2022-07-27 00:00:00+05:30,2286.25,2316.800048828125,2282.550048828125,2313.35009765625,2313.35009765625,1103714
2022-07-28 00:00:00+05:30,2323.10009765625,2345.60009765625,2319.0,2337.550048828125,2337.550048828125,1780021
2022-07-29 00:00:00+05:30,2356.0,2392.699951171875,2340.39990234375,2377.800048828125,2377.800048828125,5268895
2022-08-01 00:00:00+05:30,2397.0,2397.0,2362.050048828125,2383.75,2383.75,2297226
2022-08-02 00:00:00+05:30,2371.300048828125,2380.0,2330.25,2353.300048828125,2353.300048828125,2830058
2022-08-03 00:00:00+05:30,2353.300048828125,2374.0,2325.0,2368.39990234375,2368.39990234375,2738937
2022-08-04 00:00:00+05:30,2379.85009765625,2386.25,2330.0,2361.75,2361.75,1807757
2022-08-05 00:00:00+05:30,2362.0,2363.949951171875,2336.10009765625,2355.199951171875,2355.199951171875,1802793
2022-08-08 00:00:00+05:30,2360.0,2402.0,2342.14990234375,2393.699951171875,2393.699951171875,2191019
2022-08-10 00:00:00+05:30,2404.449951171875,2406.85009765625,2370.85009765625,2398.300048828125,2398.300048828125,2345758
2022-08-11 00:00:00+05:30,2421.0,2463.5,2416.0,2454.85009765625,2454.85009765625,3970325
2022-08-12 00:00:00+05:30,2448.0,2469.949951171875,2438.60009765625,2456.39990234375,2456.39990234375,2502119
2022-08-16 00:00:00+05:30,2470.0,2490.0,2466.550048828125,2484.14990234375,2484.14990234375,2294546
2022-08-17 00:00:00+05:30,2486.0,2498.0,2444.050048828125,2491.60009765625,2491.60009765625,1636890
2022-08-18 00:00:00+05:30,2480.0,2507.949951171875,2480.0,2497.949951171875,2497.949951171875,2219069
2022-08-19 00:00:00+05:30,2492.550048828125,2500.0,2459.60009765625,2468.050048828125,2468.050048828125,2411051
2022-08-22 00:00:00+05:30,2456.550048828125,2460.949951171875,2419.25,2423.199951171875,2423.199951171875,1712483
2022-08-23 00:00:00+05:30,2403.0,2440.949951171875,2396.85009765625,2420.75,2420.75,1639606
2022-08-24 00:00:00+05:30,2400.0,2443.0,2400.0,2438.5,2438.5,2194348
2022-08-25 00:00:00+05:30,2450.0,2468.39990234375,2410.35009765625,2419.75,2419.75,1276129
2022-08-26 00:00:00+05:30,2435.0,2445.0,2390.5,2396.699951171875,2396.699951171875,2461738
2022-08-29 00:00:00+05:30,2354.0,2379.0,2340.0,2366.0,2366.0,2202446
2022-08-30 00:00:00+05:30,2377.85009765625,2452.14990234375,2375.0,2446.39990234375,2446.39990234375,3085257
2022-09-01 00:00:00+05:30,2409.25,2436.699951171875,2393.699951171875,2404.199951171875,2404.199951171875,3005743
2022-09-02 00:00:00+05:30,2405.0,2449.800048828125,2381.0,2444.35009765625,2444.35009765625,3661775
2022-09-05 00:00:00+05:30,2454.89990234375,2464.5,2439.5,2456.25,2456.25,1772185
2022-09-06 00:00:00+05:30,2461.0,2472.64990234375,2442.10009765625,2448.5,2448.5,2551663
2022-09-07 00:00:00+05:30,2422.0,2441.800048828125,2416.0,2427.800048828125,2427.800048828125,1176941
2022-09-08 00:00:00+05:30,2445.14990234375,2454.0,2428.0,2449.64990234375,2449.64990234375,1936503
2022-09-09 00:00:00+05:30,2465.0,2468.449951171875,2425.89990234375,2431.5,2431.5,3243775
2022-09-12 00:00:00+05:30,2430.0,2436.85009765625,2414.10009765625,2419.0,2419.0,3178742
2022-09-13 00:00:00+05:30,2434.949951171875,2457.0,2429.5,2451.5,2451.5,2197258
2022-09-14 00:00:00+05:30,2398.0,2478.39990234375,2398.0,2453.35009765625,2453.35009765625,3924096
2022-09-15 00:00:00+05:30,2465.64990234375,2479.89990234375,2437.0,2459.39990234375,2459.39990234375,3028030
2022-09-16 00:00:00+05:30,2433.25,2444.550048828125,2393.39990234375,2404.10009765625,2404.10009765625,6397528
2022-09-19 00:00:00+05:30,2409.0,2449.800048828125,2392.75,2441.39990234375,2441.39990234375,2990194
2022-09-20 00:00:00+05:30,2462.10009765625,2493.949951171875,2452.0,2486.25,2486.25,3195080
2022-09-21 00:00:00+05:30,2470.0,2486.39990234375,2440.0,2459.85009765625,2459.85009765625,1864812
2022-09-22 00:00:00+05:30,2430.0,2440.199951171875,2408.550048828125,2416.64990234375,2416.64990234375,3577005
2022-09-23 00:00:00+05:30,2389.25,2400.89990234375,2340.89990234375,2353.25,2353.25,4075380
2022-09-26 00:00:00+05:30,2320.89990234375,2341.60009765625,2305.0,2309.64990234375,2309.64990234375,2679719
2022-09-27 00:00:00+05:30,2311.0,2323.89990234375,2281.0,2289.14990234375,2289.14990234375,3437158
2022-09-28 00:00:00+05:30,2272.0,2278.10009765625,2237.25,2244.050048828125,2244.050048828125,2809685
2022-09-29 00:00:00+05:30,2260.5,2273.449951171875,2231.0,2237.5,2237.5,2787261
2022-09-30 00:00:00+05:30,2223.25,2317.85009765625,2202.699951171875,2287.75,2287.75,4652604
2022-10-03 00:00:00+05:30,2278.0,2289.0,2258.050048828125,2283.050048828125,2283.050048828125,2499307
2022-10-04 00:00:00+05:30,2328.699951171875,2353.89990234375,2315.25,2349.449951171875,2349.449951171875,2356681
2022-10-06 00:00:00+05:30,2350.0,2358.800048828125,2310.0,2316.10009765625,2316.10009765625,3642541
2022-10-07 00:00:00+05:30,2302.0,2333.5,2301.0,2326.89990234375,2326.89990234375,1942133
